Finding Name,Severity,Status,Description,Recommendation,Vulnerability References,Affected Components,Tags
EKS Cluster Version,Informational,Open,Cluster 'eks-enterprise-lab' is running Kubernetes version '1.29' and EKS platform version 'eks.61'.,Ensure the Kubernetes version is supported and patched. Regularly review EKS platform version updates and plan upgrades before end-of-support.,AWS Best Practice / Version Management,eks-enterprise-lab,"EKS,Kubernetes,Security,EKS Cluster"
EKS Public API Endpoint Access Enabled,Low,Open,EKS cluster 'eks-enterprise-lab' API endpoint is publicly accessible from specific CIDRs: ['203.0.113.50/32'].,"Ensure the allowed CIDRs are necessary, restricted to the minimum required ranges, and regularly reviewed. Prefer using the private endpoint ('endpointPrivateAccess: true') where possible.",CIS EKS 5.4.1,eks-enterprise-lab,"EKS,Kubernetes,Security,EKS Cluster"
EKS Control Plane Logging Disabled,Medium,Open,"EKS cluster 'eks-enterprise-lab' does not have all recommended control plane log types enabled. Missing: authenticator, controllerManager, scheduler. This hinders security auditing, incident response, and operational troubleshooting.","Enable all recommended control plane log types (api, audit, authenticator, controllerManager, scheduler) in the cluster's logging configuration to ensure comprehensive visibility into control plane activities.",CIS EKS 2.1.1,eks-enterprise-lab,"EKS,Kubernetes,Security,EKS Cluster"
EKS Secrets Encryption Enabled,Informational,Open,EKS cluster 'eks-enterprise-lab' has envelope encryption enabled for secrets using KMS key: arn:aws:kms:us-east-1:123456789012:key/xxxxxxxx-xxxx-xxxx-xxxx-xxxxxxxxxxxx.,Ensure the KMS key policy follows the principle of least privilege and that key rotation is considered.,CIS EKS 5.3.1,eks-enterprise-lab,"EKS,Kubernetes,Security,EKS Cluster"
EKS Cluster IAM Role Identified,Informational,Open,EKS cluster 'eks-enterprise-lab' uses IAM role: eks-enterprise-lab-cluster-20260216024953786600000003 (arn:aws:iam::123456789012:role/eks-enterprise-lab-cluster-20260216024953786600000003).,"Review the policies attached to this role (e.g., AmazonEKSClusterPolicy). Ensure they are not overly permissive and adhere to least privilege. Consider deeper analysis if IAM permissions allow.",AWS Best Practice / IAM,eks-enterprise-lab,"EKS,Kubernetes,Security,EKS Cluster IAM Role"
Nodegroup Configuration Info,Informational,Open,"Nodegroup 'main-20260216030203877900000024': AMI Type 'AL2_x86_64', Version '1.29.15-20251209', Instances 't3.medium', Node Role 'main-eks-node-group-20260216024953786500000001'.",Informational finding detailing the nodegroup configuration.,N/A,eks-enterprise-lab/main-20260216030203877900000024,"EKS,Kubernetes,Security,EKS Nodegroup"
Nodegroup SSH Access Disabled,Informational,Open,Nodegroup 'main-20260216030203877900000024' does not have EC2 SSH key configured in its remote access settings.,Direct SSH access to nodes via the EKS nodegroup configuration is disabled. Verify launch template overrides if applicable.,CIS EKS 5.4.3,eks-enterprise-lab/main-20260216030203877900000024,"EKS,Kubernetes,Security,EKS Nodegroup"
Nodegroup IAM Role Identified,Informational,Open,Nodegroup 'main-20260216030203877900000024' uses Node IAM role: main-eks-node-group-20260216024953786500000001 (arn:aws:iam::123456789012:role/main-eks-node-group-20260216024953786500000001).,"Review policies attached (e.g., AmazonEKSWorkerNodePolicy, AmazonEC2ContainerRegistryReadOnly, AmazonEKS_CNI_Policy). Ensure no unnecessary permissions (e.g., broad EC2/S3 access). Consider deeper analysis if IAM permissions allow.",AWS Best Practice / IAM,eks-enterprise-lab/main-20260216030203877900000024,"EKS,Kubernetes,Security,EKS Nodegroup IAM Role"
Node IAM Role Has Overly Broad Policy,Medium,Open,Nodegroup 'main-20260216030203877900000024' node role has 'SecretsManagerReadWrite' attached. This grants excessive permissions to all pods on these nodes (unless IRSA is used).,Remove 'SecretsManagerReadWrite' from the node role and use IRSA (IAM Roles for Service Accounts) to grant specific permissions to individual workloads.,AWS Best Practice / Least Privilege,eks-enterprise-lab/main-20260216030203877900000024,"EKS,Kubernetes,Security,EKS Nodegroup"
Node IAM Role Has Overly Broad Policy,Medium,Open,Nodegroup 'main-20260216030203877900000024' node role has 'AmazonS3FullAccess' attached. This grants excessive permissions to all pods on these nodes (unless IRSA is used).,Remove 'AmazonS3FullAccess' from the node role and use IRSA (IAM Roles for Service Accounts) to grant specific permissions to individual workloads.,AWS Best Practice / Least Privilege,eks-enterprise-lab/main-20260216030203877900000024,"EKS,Kubernetes,Security,EKS Nodegroup"
IMDSv2 Not Enforced,High,Open,"Nodegroup 'main-20260216030203877900000024' launch template has HttpTokens='optional'. IMDSv1 is accessible, enabling SSRF-based credential theft from pods.",Update the launch template to set MetadataOptions.HttpTokens to 'required' to enforce IMDSv2.,AWS Best Practice,eks-enterprise-lab/main-20260216030203877900000024,"EKS,Kubernetes,Security,EKS Nodegroup"
IRSA Trust Policy Missing Subject Condition,High,Open,IAM role 'eks-enterprise-lab-irsa-overpermissive' (arn:aws:iam::123456789012:role/eks-enterprise-lab-irsa-overpermissive) used by insecure-app/insecure-sa has an OIDC trust policy with ':aud' condition but no ':sub' condition. Any service account in the cluster can assume this role.,"Add a StringEquals condition for ':sub' (e.g., 'system:serviceaccount:<namespace>:<sa-name>') to restrict which service accounts can assume this role.",AWS Best Practice / IRSA,eks-enterprise-lab-irsa-overpermissive,"EKS,Kubernetes,Security,IAM Role"
IRSA Role Has Overly Broad Policy,High,Open,IRSA role 'eks-enterprise-lab-irsa-overpermissive' (arn:aws:iam::123456789012:role/eks-enterprise-lab-irsa-overpermissive) used by insecure-app/insecure-sa has 'AdministratorAccess' attached. Pods using this role have excessive AWS permissions.,Remove 'AdministratorAccess' and create a scoped policy with only the permissions the workload needs.,AWS Best Practice / Least Privilege,eks-enterprise-lab-irsa-overpermissive,"EKS,Kubernetes,Security,IAM Role"
Namespace Lacks ResourceQuota,Low,Open,Namespace 'default' does not have any ResourceQuota objects defined. This can lead to resource contention issues or potential DoS if workloads consume excessive resources.,"Define appropriate ResourceQuotas for the namespace to limit the total amount of CPU, memory, storage, and object counts that can be consumed.",Best Practice / Resource Management,default/default,"EKS,Kubernetes,Security,Namespace"
Namespace Lacks LimitRange,Low,Open,"Namespace 'default' does not have any LimitRange objects defined. This means default resource requests/limits are not enforced for containers, potentially leading to resource exhaustion or scheduling issues.","Define a LimitRange for the namespace to set default CPU/memory requests and limits for containers, and potentially enforce min/max values.",Best Practice / Resource Management,default/default,"EKS,Kubernetes,Security,Namespace"
PSA Label Missing,Medium,Open,Namespace 'default' lacks the 'pod-security.kubernetes.io/enforce' label.,"Apply Pod Security Admission labels to namespaces, enforcing at least the 'restricted' standard.",CIS 5.2.1,default/default,"EKS,Kubernetes,Security,Namespace"
Namespace Lacks ResourceQuota,Low,Open,Namespace 'insecure-app' does not have any ResourceQuota objects defined. This can lead to resource contention issues or potential DoS if workloads consume excessive resources.,"Define appropriate ResourceQuotas for the namespace to limit the total amount of CPU, memory, storage, and object counts that can be consumed.",Best Practice / Resource Management,insecure-app/insecure-app,"EKS,Kubernetes,Security,Namespace"
Namespace Lacks LimitRange,Low,Open,"Namespace 'insecure-app' does not have any LimitRange objects defined. This means default resource requests/limits are not enforced for containers, potentially leading to resource exhaustion or scheduling issues.","Define a LimitRange for the namespace to set default CPU/memory requests and limits for containers, and potentially enforce min/max values.",Best Practice / Resource Management,insecure-app/insecure-app,"EKS,Kubernetes,Security,Namespace"
PSA Label Missing,Medium,Open,Namespace 'insecure-app' lacks the 'pod-security.kubernetes.io/enforce' label.,"Apply Pod Security Admission labels to namespaces, enforcing at least the 'restricted' standard.",CIS 5.2.1,insecure-app/insecure-app,"EKS,Kubernetes,Security,Namespace"
Namespace Lacks ResourceQuota,Low,Open,Namespace 'psa-warn' does not have any ResourceQuota objects defined. This can lead to resource contention issues or potential DoS if workloads consume excessive resources.,"Define appropriate ResourceQuotas for the namespace to limit the total amount of CPU, memory, storage, and object counts that can be consumed.",Best Practice / Resource Management,psa-warn/psa-warn,"EKS,Kubernetes,Security,Namespace"
Namespace Lacks LimitRange,Low,Open,"Namespace 'psa-warn' does not have any LimitRange objects defined. This means default resource requests/limits are not enforced for containers, potentially leading to resource exhaustion or scheduling issues.","Define a LimitRange for the namespace to set default CPU/memory requests and limits for containers, and potentially enforce min/max values.",Best Practice / Resource Management,psa-warn/psa-warn,"EKS,Kubernetes,Security,Namespace"
PSA Label Missing,Medium,Open,Namespace 'psa-warn' lacks the 'pod-security.kubernetes.io/enforce' label.,"Apply Pod Security Admission labels to namespaces, enforcing at least the 'restricted' standard.",CIS 5.2.1,psa-warn/psa-warn,"EKS,Kubernetes,Security,Namespace"
Container Running As Root,Medium,Open,Container 'job' in CronJob 'insecure-cronjob' (1 pods) (namespace 'insecure-app') is explicitly configured to run as root (runAsUser: 0).,Configure container's securityContext with runAsNonRoot: true and specify a runAsUser > 0.,CIS 5.2.7,insecure-app/insecure-cronjob/job,"EKS,Kubernetes,Security,Container"
Container Missing Resource Limits,Low,Open,Container 'job' in CronJob 'insecure-cronjob' (1 pods) (namespace 'insecure-app') lacks CPU and/or memory limits.,Define CPU and memory limits for all containers.,Best Practice,insecure-app/insecure-cronjob/job,"EKS,Kubernetes,Security,Container"
Container Allows Privilege Escalation,Medium,Open,Container 'job' in CronJob 'insecure-cronjob' (1 pods) (namespace 'insecure-app') allows privilege escalation (allowPrivilegeEscalation is not set to false).,Set securityContext.allowPrivilegeEscalation: false.,CIS 5.2.6,insecure-app/insecure-cronjob/job,"EKS,Kubernetes,Security,Container"
Capabilities Not Dropped,Low,Open,Container 'job' in CronJob 'insecure-cronjob' (1 pods) (namespace 'insecure-app') does not drop all Linux capabilities (capabilities.drop does not include 'ALL').,Set securityContext.capabilities.drop: ['ALL'] and only add back the specific capabilities required.,CIS 5.2.10,insecure-app/insecure-cronjob/job,"EKS,Kubernetes,Security,Container"
Seccomp Profile Not Set,Low,Open,Container 'job' in CronJob 'insecure-cronjob' (1 pods) (namespace 'insecure-app') does not have a seccomp profile configured. The container runtime default may or may not apply.,Explicitly set securityContext.seccompProfile.type to 'RuntimeDefault' to ensure syscall filtering is active.,CIS 5.6.2,insecure-app/insecure-cronjob/job,"EKS,Kubernetes,Security,Container"
Container Root Filesystem Writable,Low,Open,Container 'job' in CronJob 'insecure-cronjob' (1 pods) (namespace 'insecure-app') does not have a read-only root filesystem.,Set securityContext.readOnlyRootFilesystem: true and use volumeMounts for writable directories.,CIS 5.6.3,insecure-app/insecure-cronjob/job,"EKS,Kubernetes,Security,Container"
Image Uses Latest Tag,Low,Open,Container 'job' in CronJob 'insecure-cronjob' (1 pods) (namespace 'insecure-app') uses image 'busybox:latest' potentially with 'latest' tag or no tag.,"Use specific, immutable image tags (e.g., git SHA or semantic version) instead of 'latest'.",Best Practice,insecure-app/insecure-cronjob/job,"EKS,Kubernetes,Security,Container"
Pod Using Host Network,High,Open,DaemonSet 'net-debug' (1 pods) in namespace 'insecure-app' is configured with hostNetwork: true.,"Avoid using hostNetwork. If required, isolate the node.",CIS 5.2.5,insecure-app/net-debug,"EKS,Kubernetes,Security,Pod"
Container Running As Root,Medium,Open,Container 'debug' in DaemonSet 'net-debug' (1 pods) (namespace 'insecure-app') is explicitly configured to run as root (runAsUser: 0).,Configure container's securityContext with runAsNonRoot: true and specify a runAsUser > 0.,CIS 5.2.7,insecure-app/net-debug/debug,"EKS,Kubernetes,Security,Container"
Container Missing Resource Limits,Low,Open,Container 'debug' in DaemonSet 'net-debug' (1 pods) (namespace 'insecure-app') lacks CPU and/or memory limits.,Define CPU and memory limits for all containers.,Best Practice,insecure-app/net-debug/debug,"EKS,Kubernetes,Security,Container"
Container Allows Privilege Escalation,Medium,Open,Container 'debug' in DaemonSet 'net-debug' (1 pods) (namespace 'insecure-app') allows privilege escalation (allowPrivilegeEscalation is not set to false).,Set securityContext.allowPrivilegeEscalation: false.,CIS 5.2.6,insecure-app/net-debug/debug,"EKS,Kubernetes,Security,Container"
Dangerous Capabilities Added,High,Open,"Container 'debug' in DaemonSet 'net-debug' (1 pods) (namespace 'insecure-app') adds dangerous Linux capabilities: ['SYS_ADMIN', 'NET_ADMIN', 'SYS_PTRACE']. SYS_ADMIN is effectively equivalent to privileged mode.",Remove dangerous capabilities from securityContext.capabilities.add. Use the minimum capabilities required.,CIS 5.2.9,insecure-app/net-debug/debug,"EKS,Kubernetes,Security,Container"
Capabilities Not Dropped,Low,Open,Container 'debug' in DaemonSet 'net-debug' (1 pods) (namespace 'insecure-app') does not drop all Linux capabilities (capabilities.drop does not include 'ALL').,Set securityContext.capabilities.drop: ['ALL'] and only add back the specific capabilities required.,CIS 5.2.10,insecure-app/net-debug/debug,"EKS,Kubernetes,Security,Container"
Seccomp Profile Unconfined,Medium,Open,"Container 'debug' in DaemonSet 'net-debug' (1 pods) (namespace 'insecure-app') has seccomp profile set to 'Unconfined', disabling syscall filtering.",Set securityContext.seccompProfile.type to 'RuntimeDefault' or 'Localhost' to restrict available syscalls.,CIS 5.6.2,insecure-app/net-debug/debug,"EKS,Kubernetes,Security,Container"
Container Root Filesystem Writable,Low,Open,Container 'debug' in DaemonSet 'net-debug' (1 pods) (namespace 'insecure-app') does not have a read-only root filesystem.,Set securityContext.readOnlyRootFilesystem: true and use volumeMounts for writable directories.,CIS 5.6.3,insecure-app/net-debug/debug,"EKS,Kubernetes,Security,Container"
Image Uses Latest Tag,Low,Open,Container 'debug' in DaemonSet 'net-debug' (1 pods) (namespace 'insecure-app') uses image 'alpine:latest' potentially with 'latest' tag or no tag.,"Use specific, immutable image tags (e.g., git SHA or semantic version) instead of 'latest'.",Best Practice,insecure-app/net-debug/debug,"EKS,Kubernetes,Security,Container"
Pod Using Host Network,High,Open,Deployment 'vulnerable-app' (1 pods) in namespace 'insecure-app' is configured with hostNetwork: true.,"Avoid using hostNetwork. If required, isolate the node.",CIS 5.2.5,insecure-app/vulnerable-app,"EKS,Kubernetes,Security,Pod"
Pod Using Host PID Namespace,Medium,Open,Deployment 'vulnerable-app' (1 pods) in namespace 'insecure-app' is configured with hostPID: true.,Avoid using hostPID unless essential.,CIS 5.2.3,insecure-app/vulnerable-app,"EKS,Kubernetes,Security,Pod"
Pod Using HostPath Volume,High,Open,Deployment 'vulnerable-app' (1 pods) in namespace 'insecure-app' uses sensitive hostPath volume: '/'.,"Avoid hostPath volumes. If necessary, use readOnly mounts and specific paths. Consider alternatives like PVs.",CIS 5.2.12,insecure-app/vulnerable-app,"EKS,Kubernetes,Security,Pod"
Privileged Container,Critical,Open,Container 'app' in Deployment 'vulnerable-app' (1 pods) (namespace 'insecure-app') is running in privileged mode.,Do not run privileged containers. Refactor the application if possible.,CIS 5.2.2,insecure-app/vulnerable-app/app,"EKS,Kubernetes,Security,Container"
Container Running As Root,Medium,Open,Container 'app' in Deployment 'vulnerable-app' (1 pods) (namespace 'insecure-app') is explicitly configured to run as root (runAsUser: 0).,Configure container's securityContext with runAsNonRoot: true and specify a runAsUser > 0.,CIS 5.2.7,insecure-app/vulnerable-app/app,"EKS,Kubernetes,Security,Container"
Container Missing Resource Limits,Low,Open,Container 'app' in Deployment 'vulnerable-app' (1 pods) (namespace 'insecure-app') lacks CPU and/or memory limits.,Define CPU and memory limits for all containers.,Best Practice,insecure-app/vulnerable-app/app,"EKS,Kubernetes,Security,Container"
Container Allows Privilege Escalation,Medium,Open,Container 'app' in Deployment 'vulnerable-app' (1 pods) (namespace 'insecure-app') allows privilege escalation (allowPrivilegeEscalation is not set to false).,Set securityContext.allowPrivilegeEscalation: false.,CIS 5.2.6,insecure-app/vulnerable-app/app,"EKS,Kubernetes,Security,Container"
Capabilities Not Dropped,Low,Open,Container 'app' in Deployment 'vulnerable-app' (1 pods) (namespace 'insecure-app') does not drop all Linux capabilities (capabilities.drop does not include 'ALL').,Set securityContext.capabilities.drop: ['ALL'] and only add back the specific capabilities required.,CIS 5.2.10,insecure-app/vulnerable-app/app,"EKS,Kubernetes,Security,Container"
Seccomp Profile Not Set,Low,Open,Container 'app' in Deployment 'vulnerable-app' (1 pods) (namespace 'insecure-app') does not have a seccomp profile configured. The container runtime default may or may not apply.,Explicitly set securityContext.seccompProfile.type to 'RuntimeDefault' to ensure syscall filtering is active.,CIS 5.6.2,insecure-app/vulnerable-app/app,"EKS,Kubernetes,Security,Container"
Container Root Filesystem Writable,Low,Open,Container 'app' in Deployment 'vulnerable-app' (1 pods) (namespace 'insecure-app') does not have a read-only root filesystem.,Set securityContext.readOnlyRootFilesystem: true and use volumeMounts for writable directories.,CIS 5.6.3,insecure-app/vulnerable-app/app,"EKS,Kubernetes,Security,Container"
Image Uses Latest Tag,Low,Open,Container 'app' in Deployment 'vulnerable-app' (1 pods) (namespace 'insecure-app') uses image 'nginx:latest' potentially with 'latest' tag or no tag.,"Use specific, immutable image tags (e.g., git SHA or semantic version) instead of 'latest'.",Best Practice,insecure-app/vulnerable-app/app,"EKS,Kubernetes,Security,Container"
Pod Using Host Network,High,Open,DaemonSet 'aws-node' (1 pods) in namespace 'kube-system' is configured with hostNetwork: true.,"Avoid using hostNetwork. If required, isolate the node.",CIS 5.2.5,kube-system/aws-node,"EKS,Kubernetes,Security,Pod"
Pod Using HostPath Volume,Medium,Open,DaemonSet 'aws-node' (1 pods) in namespace 'kube-system' uses hostPath volume: '/sys/fs/bpf'.,"Avoid hostPath volumes. If necessary, use readOnly mounts and specific paths. Consider alternatives like PVs.",CIS 5.2.12,kube-system/aws-node,"EKS,Kubernetes,Security,Pod"
Pod Using HostPath Volume,Medium,Open,DaemonSet 'aws-node' (1 pods) in namespace 'kube-system' uses hostPath volume: '/opt/cni/bin'.,"Avoid hostPath volumes. If necessary, use readOnly mounts and specific paths. Consider alternatives like PVs.",CIS 5.2.12,kube-system/aws-node,"EKS,Kubernetes,Security,Pod"
Pod Using HostPath Volume,Medium,Open,DaemonSet 'aws-node' (1 pods) in namespace 'kube-system' uses hostPath volume: '/etc/cni/net.d'.,"Avoid hostPath volumes. If necessary, use readOnly mounts and specific paths. Consider alternatives like PVs.",CIS 5.2.12,kube-system/aws-node,"EKS,Kubernetes,Security,Pod"
Pod Using HostPath Volume,Medium,Open,DaemonSet 'aws-node' (1 pods) in namespace 'kube-system' uses hostPath volume: '/var/log/aws-routed-eni'.,"Avoid hostPath volumes. If necessary, use readOnly mounts and specific paths. Consider alternatives like PVs.",CIS 5.2.12,kube-system/aws-node,"EKS,Kubernetes,Security,Pod"
Pod Using HostPath Volume,High,Open,DaemonSet 'aws-node' (1 pods) in namespace 'kube-system' uses sensitive hostPath volume: '/var/run/aws-node'.,"Avoid hostPath volumes. If necessary, use readOnly mounts and specific paths. Consider alternatives like PVs.",CIS 5.2.12,kube-system/aws-node,"EKS,Kubernetes,Security,Pod"
Pod Using HostPath Volume,Medium,Open,DaemonSet 'aws-node' (1 pods) in namespace 'kube-system' uses hostPath volume: '/run/xtables.lock'.,"Avoid hostPath volumes. If necessary, use readOnly mounts and specific paths. Consider alternatives like PVs.",CIS 5.2.12,kube-system/aws-node,"EKS,Kubernetes,Security,Pod"
Container May Run As Root,Low,Open,Container 'aws-node' in DaemonSet 'aws-node' (1 pods) (namespace 'kube-system') has no runAsNonRoot or runAsUser specified (default allows root). Image may run as root.,Explicitly set securityContext.runAsNonRoot: true and specify a runAsUser > 0.,CIS 5.2.7,kube-system/aws-node/aws-node,"EKS,Kubernetes,Security,Container"
Container Missing Resource Limits,Low,Open,Container 'aws-node' in DaemonSet 'aws-node' (1 pods) (namespace 'kube-system') lacks CPU and/or memory limits.,Define CPU and memory limits for all containers.,Best Practice,kube-system/aws-node/aws-node,"EKS,Kubernetes,Security,Container"
Container Allows Privilege Escalation,Medium,Open,Container 'aws-node' in DaemonSet 'aws-node' (1 pods) (namespace 'kube-system') allows privilege escalation (allowPrivilegeEscalation is not set to false).,Set securityContext.allowPrivilegeEscalation: false.,CIS 5.2.6,kube-system/aws-node/aws-node,"EKS,Kubernetes,Security,Container"
Dangerous Capabilities Added,Medium,Open,Container 'aws-node' in DaemonSet 'aws-node' (1 pods) (namespace 'kube-system') adds dangerous Linux capabilities: ['NET_ADMIN'].,Remove dangerous capabilities from securityContext.capabilities.add. Use the minimum capabilities required.,CIS 5.2.9,kube-system/aws-node/aws-node,"EKS,Kubernetes,Security,Container"
Capabilities Not Dropped,Low,Open,Container 'aws-node' in DaemonSet 'aws-node' (1 pods) (namespace 'kube-system') does not drop all Linux capabilities (capabilities.drop does not include 'ALL').,Set securityContext.capabilities.drop: ['ALL'] and only add back the specific capabilities required.,CIS 5.2.10,kube-system/aws-node/aws-node,"EKS,Kubernetes,Security,Container"
Seccomp Profile Not Set,Low,Open,Container 'aws-node' in DaemonSet 'aws-node' (1 pods) (namespace 'kube-system') does not have a seccomp profile configured. The container runtime default may or may not apply.,Explicitly set securityContext.seccompProfile.type to 'RuntimeDefault' to ensure syscall filtering is active.,CIS 5.6.2,kube-system/aws-node/aws-node,"EKS,Kubernetes,Security,Container"
Container Root Filesystem Writable,Low,Open,Container 'aws-node' in DaemonSet 'aws-node' (1 pods) (namespace 'kube-system') does not have a read-only root filesystem.,Set securityContext.readOnlyRootFilesystem: true and use volumeMounts for writable directories.,CIS 5.6.3,kube-system/aws-node/aws-node,"EKS,Kubernetes,Security,Container"
Privileged Container,Critical,Open,Container 'aws-eks-nodeagent' in DaemonSet 'aws-node' (1 pods) (namespace 'kube-system') is running in privileged mode.,Do not run privileged containers. Refactor the application if possible.,CIS 5.2.2,kube-system/aws-node/aws-eks-nodeagent,"EKS,Kubernetes,Security,Container"
Container May Run As Root,Low,Open,Container 'aws-eks-nodeagent' in DaemonSet 'aws-node' (1 pods) (namespace 'kube-system') has no runAsNonRoot or runAsUser specified (default allows root). Image may run as root.,Explicitly set securityContext.runAsNonRoot: true and specify a runAsUser > 0.,CIS 5.2.7,kube-system/aws-node/aws-eks-nodeagent,"EKS,Kubernetes,Security,Container"
Container Missing Resource Limits,Low,Open,Container 'aws-eks-nodeagent' in DaemonSet 'aws-node' (1 pods) (namespace 'kube-system') lacks CPU and/or memory limits.,Define CPU and memory limits for all containers.,Best Practice,kube-system/aws-node/aws-eks-nodeagent,"EKS,Kubernetes,Security,Container"
Container Allows Privilege Escalation,Medium,Open,Container 'aws-eks-nodeagent' in DaemonSet 'aws-node' (1 pods) (namespace 'kube-system') allows privilege escalation (allowPrivilegeEscalation is not set to false).,Set securityContext.allowPrivilegeEscalation: false.,CIS 5.2.6,kube-system/aws-node/aws-eks-nodeagent,"EKS,Kubernetes,Security,Container"
Dangerous Capabilities Added,Medium,Open,Container 'aws-eks-nodeagent' in DaemonSet 'aws-node' (1 pods) (namespace 'kube-system') adds dangerous Linux capabilities: ['NET_ADMIN'].,Remove dangerous capabilities from securityContext.capabilities.add. Use the minimum capabilities required.,CIS 5.2.9,kube-system/aws-node/aws-eks-nodeagent,"EKS,Kubernetes,Security,Container"
Capabilities Not Dropped,Low,Open,Container 'aws-eks-nodeagent' in DaemonSet 'aws-node' (1 pods) (namespace 'kube-system') does not drop all Linux capabilities (capabilities.drop does not include 'ALL').,Set securityContext.capabilities.drop: ['ALL'] and only add back the specific capabilities required.,CIS 5.2.10,kube-system/aws-node/aws-eks-nodeagent,"EKS,Kubernetes,Security,Container"
Seccomp Profile Not Set,Low,Open,Container 'aws-eks-nodeagent' in DaemonSet 'aws-node' (1 pods) (namespace 'kube-system') does not have a seccomp profile configured. The container runtime default may or may not apply.,Explicitly set securityContext.seccompProfile.type to 'RuntimeDefault' to ensure syscall filtering is active.,CIS 5.6.2,kube-system/aws-node/aws-eks-nodeagent,"EKS,Kubernetes,Security,Container"
Container Root Filesystem Writable,Low,Open,Container 'aws-eks-nodeagent' in DaemonSet 'aws-node' (1 pods) (namespace 'kube-system') does not have a read-only root filesystem.,Set securityContext.readOnlyRootFilesystem: true and use volumeMounts for writable directories.,CIS 5.6.3,kube-system/aws-node/aws-eks-nodeagent,"EKS,Kubernetes,Security,Container"
Privileged Container,Critical,Open,Container 'aws-vpc-cni-init' in DaemonSet 'aws-node' (1 pods) (namespace 'kube-system') is running in privileged mode.,Do not run privileged containers. Refactor the application if possible.,CIS 5.2.2,kube-system/aws-node/aws-vpc-cni-init,"EKS,Kubernetes,Security,Container"
Container May Run As Root,Low,Open,Container 'aws-vpc-cni-init' in DaemonSet 'aws-node' (1 pods) (namespace 'kube-system') has no runAsNonRoot or runAsUser specified (default allows root). Image may run as root.,Explicitly set securityContext.runAsNonRoot: true and specify a runAsUser > 0.,CIS 5.2.7,kube-system/aws-node/aws-vpc-cni-init,"EKS,Kubernetes,Security,Container"
Container Missing Resource Limits,Low,Open,Container 'aws-vpc-cni-init' in DaemonSet 'aws-node' (1 pods) (namespace 'kube-system') lacks CPU and/or memory limits.,Define CPU and memory limits for all containers.,Best Practice,kube-system/aws-node/aws-vpc-cni-init,"EKS,Kubernetes,Security,Container"
Container Allows Privilege Escalation,Medium,Open,Container 'aws-vpc-cni-init' in DaemonSet 'aws-node' (1 pods) (namespace 'kube-system') allows privilege escalation (allowPrivilegeEscalation is not set to false).,Set securityContext.allowPrivilegeEscalation: false.,CIS 5.2.6,kube-system/aws-node/aws-vpc-cni-init,"EKS,Kubernetes,Security,Container"
Capabilities Not Dropped,Low,Open,Container 'aws-vpc-cni-init' in DaemonSet 'aws-node' (1 pods) (namespace 'kube-system') does not drop all Linux capabilities (capabilities.drop does not include 'ALL').,Set securityContext.capabilities.drop: ['ALL'] and only add back the specific capabilities required.,CIS 5.2.10,kube-system/aws-node/aws-vpc-cni-init,"EKS,Kubernetes,Security,Container"
Seccomp Profile Not Set,Low,Open,Container 'aws-vpc-cni-init' in DaemonSet 'aws-node' (1 pods) (namespace 'kube-system') does not have a seccomp profile configured. The container runtime default may or may not apply.,Explicitly set securityContext.seccompProfile.type to 'RuntimeDefault' to ensure syscall filtering is active.,CIS 5.6.2,kube-system/aws-node/aws-vpc-cni-init,"EKS,Kubernetes,Security,Container"
Container Root Filesystem Writable,Low,Open,Container 'aws-vpc-cni-init' in DaemonSet 'aws-node' (1 pods) (namespace 'kube-system') does not have a read-only root filesystem.,Set securityContext.readOnlyRootFilesystem: true and use volumeMounts for writable directories.,CIS 5.6.3,kube-system/aws-node/aws-vpc-cni-init,"EKS,Kubernetes,Security,Container"
Container May Run As Root,Low,Open,Container 'coredns' in Deployment 'coredns' (2 pods) (namespace 'kube-system') has no runAsNonRoot or runAsUser specified (default allows root). Image may run as root.,Explicitly set securityContext.runAsNonRoot: true and specify a runAsUser > 0.,CIS 5.2.7,kube-system/coredns/coredns,"EKS,Kubernetes,Security,Container"
Container Missing Resource Limits,Low,Open,Container 'coredns' in Deployment 'coredns' (2 pods) (namespace 'kube-system') lacks CPU and/or memory limits.,Define CPU and memory limits for all containers.,Best Practice,kube-system/coredns/coredns,"EKS,Kubernetes,Security,Container"
Seccomp Profile Not Set,Low,Open,Container 'coredns' in Deployment 'coredns' (2 pods) (namespace 'kube-system') does not have a seccomp profile configured. The container runtime default may or may not apply.,Explicitly set securityContext.seccompProfile.type to 'RuntimeDefault' to ensure syscall filtering is active.,CIS 5.6.2,kube-system/coredns/coredns,"EKS,Kubernetes,Security,Container"
Pod Using Host Network,High,Open,DaemonSet 'kube-proxy' (1 pods) in namespace 'kube-system' is configured with hostNetwork: true.,"Avoid using hostNetwork. If required, isolate the node.",CIS 5.2.5,kube-system/kube-proxy,"EKS,Kubernetes,Security,Pod"
Pod Using HostPath Volume,Medium,Open,DaemonSet 'kube-proxy' (1 pods) in namespace 'kube-system' uses hostPath volume: '/var/log'.,"Avoid hostPath volumes. If necessary, use readOnly mounts and specific paths. Consider alternatives like PVs.",CIS 5.2.12,kube-system/kube-proxy,"EKS,Kubernetes,Security,Pod"
Pod Using HostPath Volume,Medium,Open,DaemonSet 'kube-proxy' (1 pods) in namespace 'kube-system' uses hostPath volume: '/run/xtables.lock'.,"Avoid hostPath volumes. If necessary, use readOnly mounts and specific paths. Consider alternatives like PVs.",CIS 5.2.12,kube-system/kube-proxy,"EKS,Kubernetes,Security,Pod"
Pod Using HostPath Volume,Medium,Open,DaemonSet 'kube-proxy' (1 pods) in namespace 'kube-system' uses hostPath volume: '/lib/modules'.,"Avoid hostPath volumes. If necessary, use readOnly mounts and specific paths. Consider alternatives like PVs.",CIS 5.2.12,kube-system/kube-proxy,"EKS,Kubernetes,Security,Pod"
Privileged Container,Critical,Open,Container 'kube-proxy' in DaemonSet 'kube-proxy' (1 pods) (namespace 'kube-system') is running in privileged mode.,Do not run privileged containers. Refactor the application if possible.,CIS 5.2.2,kube-system/kube-proxy/kube-proxy,"EKS,Kubernetes,Security,Container"
Container May Run As Root,Low,Open,Container 'kube-proxy' in DaemonSet 'kube-proxy' (1 pods) (namespace 'kube-system') has no runAsNonRoot or runAsUser specified (default allows root). Image may run as root.,Explicitly set securityContext.runAsNonRoot: true and specify a runAsUser > 0.,CIS 5.2.7,kube-system/kube-proxy/kube-proxy,"EKS,Kubernetes,Security,Container"
Container Missing Resource Limits,Low,Open,Container 'kube-proxy' in DaemonSet 'kube-proxy' (1 pods) (namespace 'kube-system') lacks CPU and/or memory limits.,Define CPU and memory limits for all containers.,Best Practice,kube-system/kube-proxy/kube-proxy,"EKS,Kubernetes,Security,Container"
Container Allows Privilege Escalation,Medium,Open,Container 'kube-proxy' in DaemonSet 'kube-proxy' (1 pods) (namespace 'kube-system') allows privilege escalation (allowPrivilegeEscalation is not set to false).,Set securityContext.allowPrivilegeEscalation: false.,CIS 5.2.6,kube-system/kube-proxy/kube-proxy,"EKS,Kubernetes,Security,Container"
Capabilities Not Dropped,Low,Open,Container 'kube-proxy' in DaemonSet 'kube-proxy' (1 pods) (namespace 'kube-system') does not drop all Linux capabilities (capabilities.drop does not include 'ALL').,Set securityContext.capabilities.drop: ['ALL'] and only add back the specific capabilities required.,CIS 5.2.10,kube-system/kube-proxy/kube-proxy,"EKS,Kubernetes,Security,Container"
Seccomp Profile Not Set,Low,Open,Container 'kube-proxy' in DaemonSet 'kube-proxy' (1 pods) (namespace 'kube-system') does not have a seccomp profile configured. The container runtime default may or may not apply.,Explicitly set securityContext.seccompProfile.type to 'RuntimeDefault' to ensure syscall filtering is active.,CIS 5.6.2,kube-system/kube-proxy/kube-proxy,"EKS,Kubernetes,Security,Container"
Container Root Filesystem Writable,Low,Open,Container 'kube-proxy' in DaemonSet 'kube-proxy' (1 pods) (namespace 'kube-system') does not have a read-only root filesystem.,Set securityContext.readOnlyRootFilesystem: true and use volumeMounts for writable directories.,CIS 5.6.3,kube-system/kube-proxy/kube-proxy,"EKS,Kubernetes,Security,Container"
Default Service Account Allows Token Automount,Medium,Open,The 'default' ServiceAccount in namespace 'default' allows token automounting by default.,Explicitly set automountServiceAccountToken: false on the 'default' ServiceAccount and use dedicated SAs for pods.,CIS 5.1.6,default/default,"EKS,Kubernetes,Security,ServiceAccount"
Default Service Account Allows Token Automount,Medium,Open,The 'default' ServiceAccount in namespace 'insecure-app' allows token automounting by default.,Explicitly set automountServiceAccountToken: false on the 'default' ServiceAccount and use dedicated SAs for pods.,CIS 5.1.6,insecure-app/default,"EKS,Kubernetes,Security,ServiceAccount"
Service Account Using IRSA,Informational,Open,ServiceAccount 'insecure-sa' in namespace 'insecure-app' uses IAM role via IRSA: arn:aws:iam::123456789012:role/eks-enterprise-lab-irsa-overpermissive,Ensure the associated IAM role follows the principle of least privilege.,AWS Best Practice,insecure-app/insecure-sa,"EKS,Kubernetes,Security,ServiceAccount"
Service Account Token Automount Enabled,Medium,Open,ServiceAccount 'insecure-sa' in namespace 'insecure-app' has automountServiceAccountToken enabled (or default). Tokens might be mounted unnecessarily in pods using this SA.,Set automountServiceAccountToken: false on the ServiceAccount unless pods using it specifically need the token (prefer mounting projected tokens if needed).,CIS 5.1.6,insecure-app/insecure-sa,"EKS,Kubernetes,Security,ServiceAccount"
Default Service Account Allows Token Automount,Medium,Open,The 'default' ServiceAccount in namespace 'kube-node-lease' allows token automounting by default.,Explicitly set automountServiceAccountToken: false on the 'default' ServiceAccount and use dedicated SAs for pods.,CIS 5.1.6,kube-node-lease/default,"EKS,Kubernetes,Security,ServiceAccount"
Default Service Account Allows Token Automount,Medium,Open,The 'default' ServiceAccount in namespace 'kube-public' allows token automounting by default.,Explicitly set automountServiceAccountToken: false on the 'default' ServiceAccount and use dedicated SAs for pods.,CIS 5.1.6,kube-public/default,"EKS,Kubernetes,Security,ServiceAccount"
Service Account Token Automount Enabled,Medium,Open,ServiceAccount 'attachdetach-controller' in namespace 'kube-system' has automountServiceAccountToken enabled (or default). Tokens might be mounted unnecessarily in pods using this SA.,Set automountServiceAccountToken: false on the ServiceAccount unless pods using it specifically need the token (prefer mounting projected tokens if needed).,CIS 5.1.6,kube-system/attachdetach-controller,"EKS,Kubernetes,Security,ServiceAccount"
Service Account Token Automount Enabled,Medium,Open,ServiceAccount 'aws-cloud-provider' in namespace 'kube-system' has automountServiceAccountToken enabled (or default). Tokens might be mounted unnecessarily in pods using this SA.,Set automountServiceAccountToken: false on the ServiceAccount unless pods using it specifically need the token (prefer mounting projected tokens if needed).,CIS 5.1.6,kube-system/aws-cloud-provider,"EKS,Kubernetes,Security,ServiceAccount"
Service Account Token Automount Enabled,Medium,Open,ServiceAccount 'aws-node' in namespace 'kube-system' has automountServiceAccountToken enabled (or default). Tokens might be mounted unnecessarily in pods using this SA.,Set automountServiceAccountToken: false on the ServiceAccount unless pods using it specifically need the token (prefer mounting projected tokens if needed).,CIS 5.1.6,kube-system/aws-node,"EKS,Kubernetes,Security,ServiceAccount"
Service Account Token Automount Enabled,Medium,Open,ServiceAccount 'certificate-controller' in namespace 'kube-system' has automountServiceAccountToken enabled (or default). Tokens might be mounted unnecessarily in pods using this SA.,Set automountServiceAccountToken: false on the ServiceAccount unless pods using it specifically need the token (prefer mounting projected tokens if needed).,CIS 5.1.6,kube-system/certificate-controller,"EKS,Kubernetes,Security,ServiceAccount"
Service Account Token Automount Enabled,Medium,Open,ServiceAccount 'clusterrole-aggregation-controller' in namespace 'kube-system' has automountServiceAccountToken enabled (or default). Tokens might be mounted unnecessarily in pods using this SA.,Set automountServiceAccountToken: false on the ServiceAccount unless pods using it specifically need the token (prefer mounting projected tokens if needed).,CIS 5.1.6,kube-system/clusterrole-aggregation-controller,"EKS,Kubernetes,Security,ServiceAccount"
Service Account Token Automount Enabled,Medium,Open,ServiceAccount 'coredns' in namespace 'kube-system' has automountServiceAccountToken enabled (or default). Tokens might be mounted unnecessarily in pods using this SA.,Set automountServiceAccountToken: false on the ServiceAccount unless pods using it specifically need the token (prefer mounting projected tokens if needed).,CIS 5.1.6,kube-system/coredns,"EKS,Kubernetes,Security,ServiceAccount"
Service Account Token Automount Enabled,Medium,Open,ServiceAccount 'cronjob-controller' in namespace 'kube-system' has automountServiceAccountToken enabled (or default). Tokens might be mounted unnecessarily in pods using this SA.,Set automountServiceAccountToken: false on the ServiceAccount unless pods using it specifically need the token (prefer mounting projected tokens if needed).,CIS 5.1.6,kube-system/cronjob-controller,"EKS,Kubernetes,Security,ServiceAccount"
Service Account Token Automount Enabled,Medium,Open,ServiceAccount 'daemon-set-controller' in namespace 'kube-system' has automountServiceAccountToken enabled (or default). Tokens might be mounted unnecessarily in pods using this SA.,Set automountServiceAccountToken: false on the ServiceAccount unless pods using it specifically need the token (prefer mounting projected tokens if needed).,CIS 5.1.6,kube-system/daemon-set-controller,"EKS,Kubernetes,Security,ServiceAccount"
Default Service Account Allows Token Automount,Medium,Open,The 'default' ServiceAccount in namespace 'kube-system' allows token automounting by default.,Explicitly set automountServiceAccountToken: false on the 'default' ServiceAccount and use dedicated SAs for pods.,CIS 5.1.6,kube-system/default,"EKS,Kubernetes,Security,ServiceAccount"
Service Account Token Automount Enabled,Medium,Open,ServiceAccount 'deployment-controller' in namespace 'kube-system' has automountServiceAccountToken enabled (or default). Tokens might be mounted unnecessarily in pods using this SA.,Set automountServiceAccountToken: false on the ServiceAccount unless pods using it specifically need the token (prefer mounting projected tokens if needed).,CIS 5.1.6,kube-system/deployment-controller,"EKS,Kubernetes,Security,ServiceAccount"
Service Account Token Automount Enabled,Medium,Open,ServiceAccount 'disruption-controller' in namespace 'kube-system' has automountServiceAccountToken enabled (or default). Tokens might be mounted unnecessarily in pods using this SA.,Set automountServiceAccountToken: false on the ServiceAccount unless pods using it specifically need the token (prefer mounting projected tokens if needed).,CIS 5.1.6,kube-system/disruption-controller,"EKS,Kubernetes,Security,ServiceAccount"
Service Account Token Automount Enabled,Medium,Open,ServiceAccount 'endpoint-controller' in namespace 'kube-system' has automountServiceAccountToken enabled (or default). Tokens might be mounted unnecessarily in pods using this SA.,Set automountServiceAccountToken: false on the ServiceAccount unless pods using it specifically need the token (prefer mounting projected tokens if needed).,CIS 5.1.6,kube-system/endpoint-controller,"EKS,Kubernetes,Security,ServiceAccount"
Service Account Token Automount Enabled,Medium,Open,ServiceAccount 'endpointslice-controller' in namespace 'kube-system' has automountServiceAccountToken enabled (or default). Tokens might be mounted unnecessarily in pods using this SA.,Set automountServiceAccountToken: false on the ServiceAccount unless pods using it specifically need the token (prefer mounting projected tokens if needed).,CIS 5.1.6,kube-system/endpointslice-controller,"EKS,Kubernetes,Security,ServiceAccount"
Service Account Token Automount Enabled,Medium,Open,ServiceAccount 'endpointslicemirroring-controller' in namespace 'kube-system' has automountServiceAccountToken enabled (or default). Tokens might be mounted unnecessarily in pods using this SA.,Set automountServiceAccountToken: false on the ServiceAccount unless pods using it specifically need the token (prefer mounting projected tokens if needed).,CIS 5.1.6,kube-system/endpointslicemirroring-controller,"EKS,Kubernetes,Security,ServiceAccount"
Service Account Token Automount Enabled,Medium,Open,ServiceAccount 'ephemeral-volume-controller' in namespace 'kube-system' has automountServiceAccountToken enabled (or default). Tokens might be mounted unnecessarily in pods using this SA.,Set automountServiceAccountToken: false on the ServiceAccount unless pods using it specifically need the token (prefer mounting projected tokens if needed).,CIS 5.1.6,kube-system/ephemeral-volume-controller,"EKS,Kubernetes,Security,ServiceAccount"
Service Account Token Automount Enabled,Medium,Open,ServiceAccount 'expand-controller' in namespace 'kube-system' has automountServiceAccountToken enabled (or default). Tokens might be mounted unnecessarily in pods using this SA.,Set automountServiceAccountToken: false on the ServiceAccount unless pods using it specifically need the token (prefer mounting projected tokens if needed).,CIS 5.1.6,kube-system/expand-controller,"EKS,Kubernetes,Security,ServiceAccount"
Service Account Token Automount Enabled,Medium,Open,ServiceAccount 'generic-garbage-collector' in namespace 'kube-system' has automountServiceAccountToken enabled (or default). Tokens might be mounted unnecessarily in pods using this SA.,Set automountServiceAccountToken: false on the ServiceAccount unless pods using it specifically need the token (prefer mounting projected tokens if needed).,CIS 5.1.6,kube-system/generic-garbage-collector,"EKS,Kubernetes,Security,ServiceAccount"
Service Account Token Automount Enabled,Medium,Open,ServiceAccount 'horizontal-pod-autoscaler' in namespace 'kube-system' has automountServiceAccountToken enabled (or default). Tokens might be mounted unnecessarily in pods using this SA.,Set automountServiceAccountToken: false on the ServiceAccount unless pods using it specifically need the token (prefer mounting projected tokens if needed).,CIS 5.1.6,kube-system/horizontal-pod-autoscaler,"EKS,Kubernetes,Security,ServiceAccount"
Service Account Token Automount Enabled,Medium,Open,ServiceAccount 'job-controller' in namespace 'kube-system' has automountServiceAccountToken enabled (or default). Tokens might be mounted unnecessarily in pods using this SA.,Set automountServiceAccountToken: false on the ServiceAccount unless pods using it specifically need the token (prefer mounting projected tokens if needed).,CIS 5.1.6,kube-system/job-controller,"EKS,Kubernetes,Security,ServiceAccount"
Service Account Token Automount Enabled,Medium,Open,ServiceAccount 'kube-proxy' in namespace 'kube-system' has automountServiceAccountToken enabled (or default). Tokens might be mounted unnecessarily in pods using this SA.,Set automountServiceAccountToken: false on the ServiceAccount unless pods using it specifically need the token (prefer mounting projected tokens if needed).,CIS 5.1.6,kube-system/kube-proxy,"EKS,Kubernetes,Security,ServiceAccount"
Service Account Token Automount Enabled,Medium,Open,ServiceAccount 'legacy-service-account-token-cleaner' in namespace 'kube-system' has automountServiceAccountToken enabled (or default). Tokens might be mounted unnecessarily in pods using this SA.,Set automountServiceAccountToken: false on the ServiceAccount unless pods using it specifically need the token (prefer mounting projected tokens if needed).,CIS 5.1.6,kube-system/legacy-service-account-token-cleaner,"EKS,Kubernetes,Security,ServiceAccount"
Service Account Token Automount Enabled,Medium,Open,ServiceAccount 'namespace-controller' in namespace 'kube-system' has automountServiceAccountToken enabled (or default). Tokens might be mounted unnecessarily in pods using this SA.,Set automountServiceAccountToken: false on the ServiceAccount unless pods using it specifically need the token (prefer mounting projected tokens if needed).,CIS 5.1.6,kube-system/namespace-controller,"EKS,Kubernetes,Security,ServiceAccount"
Service Account Token Automount Enabled,Medium,Open,ServiceAccount 'node-controller' in namespace 'kube-system' has automountServiceAccountToken enabled (or default). Tokens might be mounted unnecessarily in pods using this SA.,Set automountServiceAccountToken: false on the ServiceAccount unless pods using it specifically need the token (prefer mounting projected tokens if needed).,CIS 5.1.6,kube-system/node-controller,"EKS,Kubernetes,Security,ServiceAccount"
Service Account Token Automount Enabled,Medium,Open,ServiceAccount 'persistent-volume-binder' in namespace 'kube-system' has automountServiceAccountToken enabled (or default). Tokens might be mounted unnecessarily in pods using this SA.,Set automountServiceAccountToken: false on the ServiceAccount unless pods using it specifically need the token (prefer mounting projected tokens if needed).,CIS 5.1.6,kube-system/persistent-volume-binder,"EKS,Kubernetes,Security,ServiceAccount"
Service Account Token Automount Enabled,Medium,Open,ServiceAccount 'pod-garbage-collector' in namespace 'kube-system' has automountServiceAccountToken enabled (or default). Tokens might be mounted unnecessarily in pods using this SA.,Set automountServiceAccountToken: false on the ServiceAccount unless pods using it specifically need the token (prefer mounting projected tokens if needed).,CIS 5.1.6,kube-system/pod-garbage-collector,"EKS,Kubernetes,Security,ServiceAccount"
Service Account Token Automount Enabled,Medium,Open,ServiceAccount 'pv-protection-controller' in namespace 'kube-system' has automountServiceAccountToken enabled (or default). Tokens might be mounted unnecessarily in pods using this SA.,Set automountServiceAccountToken: false on the ServiceAccount unless pods using it specifically need the token (prefer mounting projected tokens if needed).,CIS 5.1.6,kube-system/pv-protection-controller,"EKS,Kubernetes,Security,ServiceAccount"
Service Account Token Automount Enabled,Medium,Open,ServiceAccount 'pvc-protection-controller' in namespace 'kube-system' has automountServiceAccountToken enabled (or default). Tokens might be mounted unnecessarily in pods using this SA.,Set automountServiceAccountToken: false on the ServiceAccount unless pods using it specifically need the token (prefer mounting projected tokens if needed).,CIS 5.1.6,kube-system/pvc-protection-controller,"EKS,Kubernetes,Security,ServiceAccount"
Service Account Token Automount Enabled,Medium,Open,ServiceAccount 'replicaset-controller' in namespace 'kube-system' has automountServiceAccountToken enabled (or default). Tokens might be mounted unnecessarily in pods using this SA.,Set automountServiceAccountToken: false on the ServiceAccount unless pods using it specifically need the token (prefer mounting projected tokens if needed).,CIS 5.1.6,kube-system/replicaset-controller,"EKS,Kubernetes,Security,ServiceAccount"
Service Account Token Automount Enabled,Medium,Open,ServiceAccount 'replication-controller' in namespace 'kube-system' has automountServiceAccountToken enabled (or default). Tokens might be mounted unnecessarily in pods using this SA.,Set automountServiceAccountToken: false on the ServiceAccount unless pods using it specifically need the token (prefer mounting projected tokens if needed).,CIS 5.1.6,kube-system/replication-controller,"EKS,Kubernetes,Security,ServiceAccount"
Service Account Token Automount Enabled,Medium,Open,ServiceAccount 'resourcequota-controller' in namespace 'kube-system' has automountServiceAccountToken enabled (or default). Tokens might be mounted unnecessarily in pods using this SA.,Set automountServiceAccountToken: false on the ServiceAccount unless pods using it specifically need the token (prefer mounting projected tokens if needed).,CIS 5.1.6,kube-system/resourcequota-controller,"EKS,Kubernetes,Security,ServiceAccount"
Service Account Token Automount Enabled,Medium,Open,ServiceAccount 'root-ca-cert-publisher' in namespace 'kube-system' has automountServiceAccountToken enabled (or default). Tokens might be mounted unnecessarily in pods using this SA.,Set automountServiceAccountToken: false on the ServiceAccount unless pods using it specifically need the token (prefer mounting projected tokens if needed).,CIS 5.1.6,kube-system/root-ca-cert-publisher,"EKS,Kubernetes,Security,ServiceAccount"
Service Account Token Automount Enabled,Medium,Open,ServiceAccount 'service-account-controller' in namespace 'kube-system' has automountServiceAccountToken enabled (or default). Tokens might be mounted unnecessarily in pods using this SA.,Set automountServiceAccountToken: false on the ServiceAccount unless pods using it specifically need the token (prefer mounting projected tokens if needed).,CIS 5.1.6,kube-system/service-account-controller,"EKS,Kubernetes,Security,ServiceAccount"
Service Account Token Automount Enabled,Medium,Open,ServiceAccount 'service-controller' in namespace 'kube-system' has automountServiceAccountToken enabled (or default). Tokens might be mounted unnecessarily in pods using this SA.,Set automountServiceAccountToken: false on the ServiceAccount unless pods using it specifically need the token (prefer mounting projected tokens if needed).,CIS 5.1.6,kube-system/service-controller,"EKS,Kubernetes,Security,ServiceAccount"
Service Account Token Automount Enabled,Medium,Open,ServiceAccount 'statefulset-controller' in namespace 'kube-system' has automountServiceAccountToken enabled (or default). Tokens might be mounted unnecessarily in pods using this SA.,Set automountServiceAccountToken: false on the ServiceAccount unless pods using it specifically need the token (prefer mounting projected tokens if needed).,CIS 5.1.6,kube-system/statefulset-controller,"EKS,Kubernetes,Security,ServiceAccount"
Service Account Token Automount Enabled,Medium,Open,ServiceAccount 'tagging-controller' in namespace 'kube-system' has automountServiceAccountToken enabled (or default). Tokens might be mounted unnecessarily in pods using this SA.,Set automountServiceAccountToken: false on the ServiceAccount unless pods using it specifically need the token (prefer mounting projected tokens if needed).,CIS 5.1.6,kube-system/tagging-controller,"EKS,Kubernetes,Security,ServiceAccount"
Service Account Token Automount Enabled,Medium,Open,ServiceAccount 'ttl-after-finished-controller' in namespace 'kube-system' has automountServiceAccountToken enabled (or default). Tokens might be mounted unnecessarily in pods using this SA.,Set automountServiceAccountToken: false on the ServiceAccount unless pods using it specifically need the token (prefer mounting projected tokens if needed).,CIS 5.1.6,kube-system/ttl-after-finished-controller,"EKS,Kubernetes,Security,ServiceAccount"
Service Account Token Automount Enabled,Medium,Open,ServiceAccount 'ttl-controller' in namespace 'kube-system' has automountServiceAccountToken enabled (or default). Tokens might be mounted unnecessarily in pods using this SA.,Set automountServiceAccountToken: false on the ServiceAccount unless pods using it specifically need the token (prefer mounting projected tokens if needed).,CIS 5.1.6,kube-system/ttl-controller,"EKS,Kubernetes,Security,ServiceAccount"
Default Service Account Allows Token Automount,Medium,Open,The 'default' ServiceAccount in namespace 'psa-warn' allows token automounting by default.,Explicitly set automountServiceAccountToken: false on the 'default' ServiceAccount and use dedicated SAs for pods.,CIS 5.1.6,psa-warn/default,"EKS,Kubernetes,Security,ServiceAccount"
ClusterRoleBinding Grants High Privileges,High,Open,ClusterRoleBinding 'cluster-admin' grants highly privileged cluster role 'cluster-admin' to 'Group:system:masters'. Granting cluster-wide admin/edit rights is highly risky.,Avoid binding cluster-admin or similar roles directly. Use namespace-scoped roles (RoleBinding) or custom cluster roles with least privilege necessary.,CIS 5.1.1,cluster-admin,"EKS,Kubernetes,Security,ClusterRoleBinding"
ClusterRoleBinding Involves Default Service Account,Medium,Open,ClusterRoleBinding 'default-sa-wildcard-binding' grants cluster role 'wildcard-role' to the 'default' ServiceAccount in namespace 'insecure-app'. All pods without an explicit SA in that namespace inherit these cluster-wide permissions.,"Avoid granting permissions to the 'default' service account. Create and use dedicated service accounts for applications with specific, minimal roles.",CIS 5.1.5,default-sa-wildcard-binding,"EKS,Kubernetes,Security,ClusterRoleBinding"
ClusterRoleBinding Grants High Privileges,High,Open,ClusterRoleBinding 'eks:addon-cluster-admin' grants highly privileged cluster role 'cluster-admin' to 'User:eks:addon-manager'. Granting cluster-wide admin/edit rights is highly risky.,Avoid binding cluster-admin or similar roles directly. Use namespace-scoped roles (RoleBinding) or custom cluster roles with least privilege necessary.,CIS 5.1.1,eks:addon-cluster-admin,"EKS,Kubernetes,Security,ClusterRoleBinding"
ClusterRoleBinding Grants High Privileges,High,Open,ClusterRoleBinding 'insecure-admin-binding' grants highly privileged cluster role 'cluster-admin' to 'ServiceAccount:insecure-app/insecure-sa'. Granting cluster-wide admin/edit rights is highly risky.,Avoid binding cluster-admin or similar roles directly. Use namespace-scoped roles (RoleBinding) or custom cluster roles with least privilege necessary.,CIS 5.1.1,insecure-admin-binding,"EKS,Kubernetes,Security,ClusterRoleBinding"
ClusterRoleBinding to Sensitive Subject,Medium,Open,ClusterRoleBinding 'system:basic-user' grants cluster role 'system:basic-user' to potentially sensitive subject 'Group:system:authenticated'.,"Review bindings to system groups and default service accounts, especially in kube-system. Ensure the granted role is appropriate and necessary.",CIS 5.1.1 / Best Practice,system:basic-user,"EKS,Kubernetes,Security,ClusterRoleBinding"
ClusterRoleBinding to Sensitive Subject,Medium,Open,ClusterRoleBinding 'system:discovery' grants cluster role 'system:discovery' to potentially sensitive subject 'Group:system:authenticated'.,"Review bindings to system groups and default service accounts, especially in kube-system. Ensure the granted role is appropriate and necessary.",CIS 5.1.1 / Best Practice,system:discovery,"EKS,Kubernetes,Security,ClusterRoleBinding"
ClusterRoleBinding to Sensitive Subject,Medium,Open,ClusterRoleBinding 'system:public-info-viewer' grants cluster role 'system:public-info-viewer' to potentially sensitive subject 'Group:system:authenticated'.,"Review bindings to system groups and default service accounts, especially in kube-system. Ensure the granted role is appropriate and necessary.",CIS 5.1.1 / Best Practice,system:public-info-viewer,"EKS,Kubernetes,Security,ClusterRoleBinding"
ClusterRoleBinding to Sensitive Subject,Medium,Open,ClusterRoleBinding 'system:public-info-viewer' grants cluster role 'system:public-info-viewer' to potentially sensitive subject 'Group:system:unauthenticated'.,"Review bindings to system groups and default service accounts, especially in kube-system. Ensure the granted role is appropriate and necessary.",CIS 5.1.1 / Best Practice,system:public-info-viewer,"EKS,Kubernetes,Security,ClusterRoleBinding"
Role Contains Risky Permissions,Medium,Open,"ClusterRole 'cluster-admin' (namespace: (cluster)) contains rule 1 with potentially risky permissions: wildcard verb ('*'), wildcard resource ('*'), wildcard apiGroup ('*'), sensitive verbs (['*']) on sensitive resources (['*']).","Review the permissions granted by ClusterRole 'cluster-admin', particularly rule 1. Apply the principle of least privilege, avoiding wildcards and overly broad sensitive permissions.",CIS 5.1.3,cluster-admin,"EKS,Kubernetes,Security,ClusterRole"
Role Contains Risky Permissions,Medium,Open,ClusterRole 'eks:addon-manager' (namespace: (cluster)) contains rule 3 with potentially risky permissions: sensitive verbs (['update']) on sensitive resources (['nodes']).,"Review the permissions granted by ClusterRole 'eks:addon-manager', particularly rule 3. Apply the principle of least privilege, avoiding wildcards and overly broad sensitive permissions.",CIS 5.1.3,eks:addon-manager,"EKS,Kubernetes,Security,ClusterRole"
Role Contains Risky Permissions,Medium,Open,ClusterRole 'eks:addon-manager' (namespace: (cluster)) contains rule 4 with potentially risky permissions: wildcard resource ('*').,"Review the permissions granted by ClusterRole 'eks:addon-manager', particularly rule 4. Apply the principle of least privilege, avoiding wildcards and overly broad sensitive permissions.",CIS 5.1.3,eks:addon-manager,"EKS,Kubernetes,Security,ClusterRole"
Role Contains Risky Permissions,Medium,Open,"ClusterRole 'eks:addon-manager' (namespace: (cluster)) contains rule 5 with potentially risky permissions: sensitive verbs (['create', 'delete', 'patch', 'update']) on sensitive resources (['clusterrolebindings']).","Review the permissions granted by ClusterRole 'eks:addon-manager', particularly rule 5. Apply the principle of least privilege, avoiding wildcards and overly broad sensitive permissions.",CIS 5.1.3,eks:addon-manager,"EKS,Kubernetes,Security,ClusterRole"
Role Contains Risky Permissions,Medium,Open,"ClusterRole 'eks:addon-manager' (namespace: (cluster)) contains rule 6 with potentially risky permissions: sensitive verbs (['create', 'delete', 'patch', 'update']) on sensitive resources (['clusterroles']).","Review the permissions granted by ClusterRole 'eks:addon-manager', particularly rule 6. Apply the principle of least privilege, avoiding wildcards and overly broad sensitive permissions.",CIS 5.1.3,eks:addon-manager,"EKS,Kubernetes,Security,ClusterRole"
Role Contains Risky Permissions,Medium,Open,ClusterRole 'eks:az-poller' (namespace: (cluster)) contains rule 3 with potentially risky permissions: sensitive verbs (['patch']) on sensitive resources (['nodes']).,"Review the permissions granted by ClusterRole 'eks:az-poller', particularly rule 3. Apply the principle of least privilege, avoiding wildcards and overly broad sensitive permissions.",CIS 5.1.3,eks:az-poller,"EKS,Kubernetes,Security,ClusterRole"
Role Contains Risky Permissions,Medium,Open,ClusterRole 'eks:fargate-manager' (namespace: (cluster)) contains rule 1 with potentially risky permissions: sensitive verbs (['delete']) on sensitive resources (['pods']).,"Review the permissions granted by ClusterRole 'eks:fargate-manager', particularly rule 1. Apply the principle of least privilege, avoiding wildcards and overly broad sensitive permissions.",CIS 5.1.3,eks:fargate-manager,"EKS,Kubernetes,Security,ClusterRole"
Role Contains Risky Permissions,Medium,Open,ClusterRole 'eks:fargate-scheduler' (namespace: (cluster)) contains rule 8 with potentially risky permissions: sensitive verbs (['delete']) on sensitive resources (['nodes']).,"Review the permissions granted by ClusterRole 'eks:fargate-scheduler', particularly rule 8. Apply the principle of least privilege, avoiding wildcards and overly broad sensitive permissions.",CIS 5.1.3,eks:fargate-scheduler,"EKS,Kubernetes,Security,ClusterRole"
Role Contains Risky Permissions,Medium,Open,ClusterRole 'eks:kms-storage-migrator' (namespace: (cluster)) contains rule 1 with potentially risky permissions: sensitive verbs (['patch']) on sensitive resources (['secrets']).,"Review the permissions granted by ClusterRole 'eks:kms-storage-migrator', particularly rule 1. Apply the principle of least privilege, avoiding wildcards and overly broad sensitive permissions.",CIS 5.1.3,eks:kms-storage-migrator,"EKS,Kubernetes,Security,ClusterRole"
Role Contains Risky Permissions,Medium,Open,ClusterRole 'eks:node-manager' (namespace: (cluster)) contains rule 1 with potentially risky permissions: sensitive verbs (['delete']) on sensitive resources (['pods']).,"Review the permissions granted by ClusterRole 'eks:node-manager', particularly rule 1. Apply the principle of least privilege, avoiding wildcards and overly broad sensitive permissions.",CIS 5.1.3,eks:node-manager,"EKS,Kubernetes,Security,ClusterRole"
Role Contains Risky Permissions,Medium,Open,ClusterRole 'eks:node-manager' (namespace: (cluster)) contains rule 2 with potentially risky permissions: sensitive verbs (['patch']) on sensitive resources (['nodes']).,"Review the permissions granted by ClusterRole 'eks:node-manager', particularly rule 2. Apply the principle of least privilege, avoiding wildcards and overly broad sensitive permissions.",CIS 5.1.3,eks:node-manager,"EKS,Kubernetes,Security,ClusterRole"
Role Contains Risky Permissions,Medium,Open,ClusterRole 'eks:service-operations' (namespace: (cluster)) contains rule 4 with potentially risky permissions: wildcard resource ('*').,"Review the permissions granted by ClusterRole 'eks:service-operations', particularly rule 4. Apply the principle of least privilege, avoiding wildcards and overly broad sensitive permissions.",CIS 5.1.3,eks:service-operations,"EKS,Kubernetes,Security,ClusterRole"
Role Contains Risky Permissions,Medium,Open,ClusterRole 'eks:service-operations' (namespace: (cluster)) contains rule 5 with potentially risky permissions: wildcard resource ('*').,"Review the permissions granted by ClusterRole 'eks:service-operations', particularly rule 5. Apply the principle of least privilege, avoiding wildcards and overly broad sensitive permissions.",CIS 5.1.3,eks:service-operations,"EKS,Kubernetes,Security,ClusterRole"
Role Contains Risky Permissions,Medium,Open,ClusterRole 'eks:service-operations' (namespace: (cluster)) contains rule 6 with potentially risky permissions: wildcard resource ('*').,"Review the permissions granted by ClusterRole 'eks:service-operations', particularly rule 6. Apply the principle of least privilege, avoiding wildcards and overly broad sensitive permissions.",CIS 5.1.3,eks:service-operations,"EKS,Kubernetes,Security,ClusterRole"
Role Contains Risky Permissions,Medium,Open,ClusterRole 'eks:service-operations' (namespace: (cluster)) contains rule 7 with potentially risky permissions: wildcard resource ('*').,"Review the permissions granted by ClusterRole 'eks:service-operations', particularly rule 7. Apply the principle of least privilege, avoiding wildcards and overly broad sensitive permissions.",CIS 5.1.3,eks:service-operations,"EKS,Kubernetes,Security,ClusterRole"
Role Contains Risky Permissions,Medium,Open,ClusterRole 'eks:service-operations' (namespace: (cluster)) contains rule 8 with potentially risky permissions: wildcard resource ('*').,"Review the permissions granted by ClusterRole 'eks:service-operations', particularly rule 8. Apply the principle of least privilege, avoiding wildcards and overly broad sensitive permissions.",CIS 5.1.3,eks:service-operations,"EKS,Kubernetes,Security,ClusterRole"
Role Contains Risky Permissions,Medium,Open,ClusterRole 'eks:service-operations' (namespace: (cluster)) contains rule 9 with potentially risky permissions: wildcard resource ('*').,"Review the permissions granted by ClusterRole 'eks:service-operations', particularly rule 9. Apply the principle of least privilege, avoiding wildcards and overly broad sensitive permissions.",CIS 5.1.3,eks:service-operations,"EKS,Kubernetes,Security,ClusterRole"
Role Contains Risky Permissions,Medium,Open,ClusterRole 'eks:service-operations' (namespace: (cluster)) contains rule 10 with potentially risky permissions: wildcard resource ('*').,"Review the permissions granted by ClusterRole 'eks:service-operations', particularly rule 10. Apply the principle of least privilege, avoiding wildcards and overly broad sensitive permissions.",CIS 5.1.3,eks:service-operations,"EKS,Kubernetes,Security,ClusterRole"
Role Contains Risky Permissions,Medium,Open,ClusterRole 'eks:service-operations' (namespace: (cluster)) contains rule 11 with potentially risky permissions: wildcard resource ('*').,"Review the permissions granted by ClusterRole 'eks:service-operations', particularly rule 11. Apply the principle of least privilege, avoiding wildcards and overly broad sensitive permissions.",CIS 5.1.3,eks:service-operations,"EKS,Kubernetes,Security,ClusterRole"
Role Contains Risky Permissions,Medium,Open,ClusterRole 'eks:service-operations' (namespace: (cluster)) contains rule 12 with potentially risky permissions: wildcard resource ('*').,"Review the permissions granted by ClusterRole 'eks:service-operations', particularly rule 12. Apply the principle of least privilege, avoiding wildcards and overly broad sensitive permissions.",CIS 5.1.3,eks:service-operations,"EKS,Kubernetes,Security,ClusterRole"
Role Contains Risky Permissions,Medium,Open,ClusterRole 'eks:service-operations' (namespace: (cluster)) contains rule 13 with potentially risky permissions: wildcard resource ('*').,"Review the permissions granted by ClusterRole 'eks:service-operations', particularly rule 13. Apply the principle of least privilege, avoiding wildcards and overly broad sensitive permissions.",CIS 5.1.3,eks:service-operations,"EKS,Kubernetes,Security,ClusterRole"
Role Contains Risky Permissions,Medium,Open,ClusterRole 'eks:service-operations' (namespace: (cluster)) contains rule 14 with potentially risky permissions: wildcard resource ('*').,"Review the permissions granted by ClusterRole 'eks:service-operations', particularly rule 14. Apply the principle of least privilege, avoiding wildcards and overly broad sensitive permissions.",CIS 5.1.3,eks:service-operations,"EKS,Kubernetes,Security,ClusterRole"
Role Contains Risky Permissions,Medium,Open,ClusterRole 'eks:service-operations' (namespace: (cluster)) contains rule 15 with potentially risky permissions: wildcard resource ('*').,"Review the permissions granted by ClusterRole 'eks:service-operations', particularly rule 15. Apply the principle of least privilege, avoiding wildcards and overly broad sensitive permissions.",CIS 5.1.3,eks:service-operations,"EKS,Kubernetes,Security,ClusterRole"
Role Contains Risky Permissions,Medium,Open,ClusterRole 'eks:service-operations' (namespace: (cluster)) contains rule 16 with potentially risky permissions: wildcard resource ('*').,"Review the permissions granted by ClusterRole 'eks:service-operations', particularly rule 16. Apply the principle of least privilege, avoiding wildcards and overly broad sensitive permissions.",CIS 5.1.3,eks:service-operations,"EKS,Kubernetes,Security,ClusterRole"
Role Contains Risky Permissions,Medium,Open,ClusterRole 'eks:service-operations' (namespace: (cluster)) contains rule 17 with potentially risky permissions: wildcard resource ('*').,"Review the permissions granted by ClusterRole 'eks:service-operations', particularly rule 17. Apply the principle of least privilege, avoiding wildcards and overly broad sensitive permissions.",CIS 5.1.3,eks:service-operations,"EKS,Kubernetes,Security,ClusterRole"
Role Contains Risky Permissions,Medium,Open,ClusterRole 'eks:service-operations' (namespace: (cluster)) contains rule 19 with potentially risky permissions: wildcard resource ('*').,"Review the permissions granted by ClusterRole 'eks:service-operations', particularly rule 19. Apply the principle of least privilege, avoiding wildcards and overly broad sensitive permissions.",CIS 5.1.3,eks:service-operations,"EKS,Kubernetes,Security,ClusterRole"
Role Contains Risky Permissions,Medium,Open,ClusterRole 'eks:service-operations' (namespace: (cluster)) contains rule 20 with potentially risky permissions: wildcard resource ('*').,"Review the permissions granted by ClusterRole 'eks:service-operations', particularly rule 20. Apply the principle of least privilege, avoiding wildcards and overly broad sensitive permissions.",CIS 5.1.3,eks:service-operations,"EKS,Kubernetes,Security,ClusterRole"
Role Contains Risky Permissions,Medium,Open,ClusterRole 'eks:service-operations' (namespace: (cluster)) contains rule 21 with potentially risky permissions: wildcard resource ('*').,"Review the permissions granted by ClusterRole 'eks:service-operations', particularly rule 21. Apply the principle of least privilege, avoiding wildcards and overly broad sensitive permissions.",CIS 5.1.3,eks:service-operations,"EKS,Kubernetes,Security,ClusterRole"
Role Contains Risky Permissions,Medium,Open,ClusterRole 'eks:service-operations' (namespace: (cluster)) contains rule 24 with potentially risky permissions: wildcard resource ('*').,"Review the permissions granted by ClusterRole 'eks:service-operations', particularly rule 24. Apply the principle of least privilege, avoiding wildcards and overly broad sensitive permissions.",CIS 5.1.3,eks:service-operations,"EKS,Kubernetes,Security,ClusterRole"
Role Contains Risky Permissions,Medium,Open,ClusterRole 'eks:tagging-controller' (namespace: (cluster)) contains rule 1 with potentially risky permissions: sensitive verbs (['patch']) on sensitive resources (['nodes']).,"Review the permissions granted by ClusterRole 'eks:tagging-controller', particularly rule 1. Apply the principle of least privilege, avoiding wildcards and overly broad sensitive permissions.",CIS 5.1.3,eks:tagging-controller,"EKS,Kubernetes,Security,ClusterRole"
Role Contains Risky Permissions,High,Open,"ClusterRole 'rbac-escalation-role' (namespace: (cluster)) contains rule 1 with potentially risky permissions: sensitive verbs (['escalate', 'bind']) on sensitive resources (['clusterroles', 'clusterrolebindings', 'roles', 'rolebindings']).","Review the permissions granted by ClusterRole 'rbac-escalation-role', particularly rule 1. Apply the principle of least privilege, avoiding wildcards and overly broad sensitive permissions.",CIS 5.1.3,rbac-escalation-role,"EKS,Kubernetes,Security,ClusterRole"
Role Contains Risky Permissions,High,Open,ClusterRole 'rbac-escalation-role' (namespace: (cluster)) contains rule 2 with potentially risky permissions: sensitive verbs (['impersonate']) on sensitive resources (['serviceaccounts']).,"Review the permissions granted by ClusterRole 'rbac-escalation-role', particularly rule 2. Apply the principle of least privilege, avoiding wildcards and overly broad sensitive permissions.",CIS 5.1.3,rbac-escalation-role,"EKS,Kubernetes,Security,ClusterRole"
Role Contains Risky Permissions,Medium,Open,ClusterRole 'vpc-resource-controller-role' (namespace: (cluster)) contains rule 4 with potentially risky permissions: sensitive verbs (['patch']) on sensitive resources (['pods']).,"Review the permissions granted by ClusterRole 'vpc-resource-controller-role', particularly rule 4. Apply the principle of least privilege, avoiding wildcards and overly broad sensitive permissions.",CIS 5.1.3,vpc-resource-controller-role,"EKS,Kubernetes,Security,ClusterRole"
Role Contains Risky Permissions,Medium,Open,"ClusterRole 'wildcard-role' (namespace: (cluster)) contains rule 1 with potentially risky permissions: wildcard verb ('*'), wildcard resource ('*'), wildcard apiGroup ('*'), sensitive verbs (['*']) on sensitive resources (['*']).","Review the permissions granted by ClusterRole 'wildcard-role', particularly rule 1. Apply the principle of least privilege, avoiding wildcards and overly broad sensitive permissions.",CIS 5.1.3,wildcard-role,"EKS,Kubernetes,Security,ClusterRole"
Role Contains Risky Permissions,Low,Open,"Role 'eks:addon-manager' (namespace: kube-system) contains rule 3 with potentially risky permissions: sensitive verbs (['create', 'delete', 'patch', 'update']) on sensitive resources (['daemonsets']).","Review the permissions granted by Role 'eks:addon-manager', particularly rule 3. Apply the principle of least privilege, avoiding wildcards and overly broad sensitive permissions.",CIS 5.1.3,kube-system/eks:addon-manager,"EKS,Kubernetes,Security,Role"
Role Contains Risky Permissions,Low,Open,"Role 'eks:addon-manager' (namespace: kube-system) contains rule 4 with potentially risky permissions: sensitive verbs (['create', 'delete', 'patch', 'update']) on sensitive resources (['deployments']).","Review the permissions granted by Role 'eks:addon-manager', particularly rule 4. Apply the principle of least privilege, avoiding wildcards and overly broad sensitive permissions.",CIS 5.1.3,kube-system/eks:addon-manager,"EKS,Kubernetes,Security,Role"
Role Contains Risky Permissions,Low,Open,"Role 'eks:addon-manager' (namespace: kube-system) contains rule 6 with potentially risky permissions: sensitive verbs (['create', 'delete', 'patch', 'update']) on sensitive resources (['serviceaccounts']).","Review the permissions granted by Role 'eks:addon-manager', particularly rule 6. Apply the principle of least privilege, avoiding wildcards and overly broad sensitive permissions.",CIS 5.1.3,kube-system/eks:addon-manager,"EKS,Kubernetes,Security,Role"
Namespace Lacks Network Policy,Medium,Open,"Namespace 'psa-warn' has no NetworkPolicy defined. By default, all pods within the namespace can communicate with each other, and potentially with pods in other namespaces or external services, violating the principle of least privilege.",Implement NetworkPolicies to restrict pod-to-pod communication. Start with a default deny policy for the namespace and explicitly allow required ingress/egress traffic between specific pods or namespaces.,CIS 5.3.2,psa-warn/psa-warn,"EKS,Kubernetes,Security,Namespace"
Namespace Lacks Network Policy,Medium,Open,"Namespace 'default' has no NetworkPolicy defined. By default, all pods within the namespace can communicate with each other, and potentially with pods in other namespaces or external services, violating the principle of least privilege.",Implement NetworkPolicies to restrict pod-to-pod communication. Start with a default deny policy for the namespace and explicitly allow required ingress/egress traffic between specific pods or namespaces.,CIS 5.3.2,default/default,"EKS,Kubernetes,Security,Namespace"
Network Policy Allows All Ingress Sources,Medium,Open,Policy 'allow-all' (namespace 'insecure-app') ingress rule #1 allows traffic from ALL sources (no 'from' clause).,"Specify podSelectors, namespaceSelectors, or restrictive ipBlocks in ingress rules to limit allowed sources based on least privilege.",CIS 5.3.2,insecure-app/allow-all,"EKS,Kubernetes,Security,NetworkPolicy"
Network Policy Allows All Egress Destinations,Medium,Open,Policy 'allow-all' (namespace 'insecure-app') egress rule #1 allows traffic to ALL destinations (no 'to' clause).,"Specify podSelectors, namespaceSelectors, or restrictive ipBlocks in egress rules to limit allowed destinations. Unrestricted egress can facilitate data exfiltration.",CIS 5.3.2,insecure-app/allow-all,"EKS,Kubernetes,Security,NetworkPolicy"
Service Exposed via LoadBalancer,Medium,Open,"Service 'vulnerable-service' in namespace 'insecure-app' is of Type LoadBalancer, which provisions an external AWS Load Balancer, exposing the service publicly or internally depending on LB annotations/config. Exposed Ports: 80/TCP. LoadBalancer Hostname (if available): a1b2c3d4e5f6a1b2c3d4e5f6a1b2c3d4-12345678.us-east-1.elb.amazonaws.com",Verify that this external exposure is intentional and necessary. Ensure appropriate security groups are attached to the load balancer restricting access to trusted sources. Consider using Ingress resources or internal load balancers if external exposure is not required. Regularly review exposed services.,Best Practice / Network Exposure,insecure-app/vulnerable-service,"EKS,Kubernetes,Security,Service"
Ingress Rule Lacks TLS Configuration,Medium,Open,Ingress 'vulnerable-ingress' in namespace 'insecure-app' rule #1 defines host '*.example.com' but this host is not included in any entry under spec.tls. Traffic for this host may be served over unencrypted HTTP.,"Configure TLS for host '*.example.com' by adding an entry to the Ingress 'spec.tls' section, referencing a valid Kubernetes secret containing the TLS certificate and key. Ensure HTTPS is enforced, potentially via Ingress controller annotations.",Best Practice / Encryption,insecure-app/vulnerable-ingress,"EKS,Kubernetes,Security,Ingress"
Secret Contains Sensitive-Looking Keys,Medium,Open,"Secret 'db-secret' in namespace 'insecure-app' contains data keys that suggest sensitive data: ['api_token', 'password']. Verify these are properly managed and rotated.","Ensure secrets with sensitive data keys are tightly controlled via RBAC, rotated regularly, and not exposed unnecessarily.",CIS 5.4.1,insecure-app/db-secret,"EKS,Kubernetes,Security,Secret"
Potential Sensitive Data in ConfigMap Keys,Medium,Open,"ConfigMap 'app-config' in namespace 'insecure-app' contains keys that suggest sensitive data might be stored insecurely: ['database_password', 'jwt_token']. ConfigMaps are often less protected by RBAC than Secrets.","Do not store secrets or sensitive configuration (passwords, tokens, keys) in ConfigMaps. Use Kubernetes Secrets instead and ensure appropriate RBAC.",CIS 5.4.1,insecure-app/app-config,"EKS,Kubernetes,Security,ConfigMap"
